Correct,Wrong,Tie,Percent,week
7,8,1,0.4375,1
6,9,1,0.375,1
7,8,1,0.4375,1
9,6,1,0.5625,1
7,8,1,0.4375,1
9,6,1,0.5625,1
10,5,1,0.625,1
11,4,1,0.6875,1
17,14,1,0.53125,2
13,18,1,0.40625,2
18,13,1,0.5625,2
20,11,1,0.625,2
16,15,1,0.5,2
18,13,1,0.5625,2
19,12,1,0.59375,2
19,12,1,0.59375,2
24,23,1,0.5,3
19,28,1,0.3958333333333333,3
26,21,1,0.5416666666666666,3
28,19,1,0.5833333333333334,3
20,27,1,0.4166666666666667,3
24,23,1,0.5,3
28,19,1,0.5833333333333334,3
27,20,1,0.5625,3
