Correct,Wrong,Tie,Percent,week
7,8,1,0.4375,1
6,9,1,0.375,1
7,8,1,0.4375,1
9,6,1,0.5625,1
7,8,1,0.4375,1
9,6,1,0.5625,1
10,5,1,0.625,1
11,4,1,0.6875,1
17,14,1,0.53125,2
13,18,1,0.40625,2
18,13,1,0.5625,2
20,11,1,0.625,2
16,15,1,0.5,2
18,13,1,0.5625,2
19,12,1,0.59375,2
19,12,1,0.59375,2
