Record,Correct,Wrong,Percent,week
7-8,7,8,0.4666666666666667,1
8-7,8,7,0.5333333333333333,1
10-5,10,5,0.6666666666666666,1
7-8,7,8,0.4666666666666667,1
9-6,9,6,0.6,1
8-7,8,7,0.5333333333333333,1
7-8,7,8,0.4666666666666667,1
9-6,9,6,0.6,1
6-9,6,9,0.4,1
